x1,x2,y1,y2,width,color
-0.8408974409103394,-0.7186875343322754,0.3839626908302307,-0.23093761503696442,2,#ff0000
-0.7186875343322754,-0.6311718821525574,-0.23093761503696442,-0.27536579966545105,2,#ff0000
-0.6311718821525574,-0.681517481803894,-0.27536579966545105,-0.31250929832458496,2,#ff0000
-0.7837942838668823,-0.8408974409103394,0.47380709648132324,0.3839626908302307,2,#ff0000
