x1,x2,y1,y2,width,color
0.43574708700180054,0.45333585143089294,0.9969602227210999,0.990157425403595,1,#000000
0.24238093197345734,-0.5656962990760803,0.8173167109489441,0.05981332063674927,1,#000000
0.24238093197345734,0.45333585143089294,0.8173167109489441,0.990157425403595,1,#000000
-0.7108139395713806,-0.6880770325660706,-0.07254151999950409,-0.11944625526666641,1,#000000
-0.5656962990760803,-0.6880770325660706,0.05981332063674927,-0.11944625526666641,1,#000000
