x1,x2,y1,y2,width,color
0.2966882288455963,0.08268199861049652,0.6533222198486328,0.5234819054603577,2,#ff0000
-0.3242638409137726,-0.30174291133880615,0.33637678623199463,0.3287665843963623,2,#ff0000
-0.19489403069019318,-0.3242638409137726,0.3561760187149048,0.33637678623199463,2,#ff0000
0.08268199861049652,-0.19489403069019318,0.5234819054603577,0.3561760187149048,2,#ff0000
