x,y,strength,radius,title
0.2966882288455963,0.6533222198486328,2,4,Valuation for Startups Using Multiple Approach
-0.30174291133880615,0.3287665843963623,0,4,Discrete Mathematics
-0.19489403069019318,0.3561760187149048,0,4,Advanced Portfolio Construction and Analysis with Python
-0.3242638409137726,0.33637678623199463,0,4,Python Data Structures
0.08268199861049652,0.5234819054603577,2,4,Linear Regression for Business Statistics
