x,y,strength,radius,title
-0.7186875343322754,-0.23093761503696442,6,4,Python and Statistics for Financial Analysis
-0.681517481803894,-0.31250929832458496,6,4,Approximation Algorithms
-0.7837942838668823,0.47380709648132324,2,4,Capstone Project - Analyzing a Real Transaction
-0.8408974409103394,0.3839626908302307,2,4,Financial Engineering and Risk Management Part I
-0.6311718821525574,-0.27536579966545105,6,4,Machine Learning: Regression
